president,subgroup,modeldate,startdate,enddate,pollster,grade,samplesize,population,weight,influence,approve,disapprove,adjusted_approve,adjusted_disapprove,multiversions,tracking,url,poll_id,question_id,createddate,timestamp
Joseph R. Biden Jr.,All polls,2/26/2021,1/19/2021,1/21/2021,Morning Consult,B/C,15000,a,.14773435,0,50,28,49.807534,30.806812,"",T,https://morningconsult.com/form/global-leader-approval/,74272,139491,1/28/2021,09:55:05 26 Feb 2021
Joseph R. Biden Jr.,All polls,2/26/2021,1/19/2021,1/21/2021,Rasmussen Reports/Pulse Opinion Research,C+,1500,lv,.21221619,0,48,45,50.593363,38.553693,"",T,https://www.rasmussenreports.com/public_content/politics/biden_administration/biden_approval_index_history,74247,139395,1/22/2021,09:55:05 26 Feb 2021
Joseph R. Biden Jr.,All polls,2/26/2021,1/20/2021,1/22/2021,Morning Consult,B/C,15000,a,.13271076,0,51,28,50.807534,30.806812,"",T,https://morningconsult.com/form/global-leader-approval/,74273,139492,1/28/2021,09:55:05 26 Feb 2021
Joseph R. Biden Jr.,All polls,2/26/2021,1/20/2021,1/21/2021,Ipsos,B-,1115,a,1.0166161,0,55,32,53.877411,32.907959,"","",https://www.ipsos.com/sites/default/files/ct/news/documents/2021-01/2021_reuters_tracking_-_core_political_presidential_approval_tracker_01_22_2021.pdf,74248,139404,1/22/2021,09:55:05 26 Feb 2021
Joseph R. Biden Jr.,All polls,2/26/2021,1/20/2021,1/21/2021,YouGov,B,1516,a,.8626765,0,45,28,46.600765,28.489397,"","",https://docs.cdn.yougov.com/u3h9dresbn/20210120_yahoo_coronavirus_toplines.pdf,74327,139570,2/2/2021,09:55:05 26 Feb 2021
Joseph R. Biden Jr.,All polls,2/26/2021,1/20/2021,1/21/2021,Morning Consult,B/C,1993,rv,.05289851,0,56,31,55.807534,33.806812,"","",https://assets.morningconsult.com/wp-uploads/2021/01/21155806/210166_crosstabs_MC_WASHINGTON_RVs_v2.pdf,74246,139394,1/22/2021,09:55:05 26 Feb 2021
Joseph R. Biden Jr.,All polls,2/26/2021,1/21/2021,1/22/2021,HarrisX,C,941,rv,.61842756,0,63,37,59.913106,35.45981,"","",https://thehill.com/hilltv/what-americas-thinking/535742-poll-president-bidens-first-approval-of-his-term-at-63-percent,74256,139422,1/25/2021,09:55:05 26 Feb 2021
Joseph R. Biden Jr.,All polls,2/26/2021,1/21/2021,1/23/2021,Morning Consult,B/C,15000,a,.1220072,0,52,29,51.807534,31.806812,"",T,https://morningconsult.com/form/global-leader-approval/,74274,139493,1/28/2021,09:55:05 26 Feb 2021
Joseph R. Biden Jr.,All polls,2/26/2021,1/21/2021,1/23/2021,RMG Research,B/C,1200,rv,.59901046,0,58,32,56.165768,32.997386,"","",https://justthenews.com/politics-policy/polling/poll-nearly-third-voters-disapprove-bidens-job-performance-so-far,74270,139489,1/28/2021,09:55:05 26 Feb 2021
Joseph R. Biden Jr.,All polls,2/26/2021,1/20/2021,1/24/2021,Rasmussen Reports/Pulse Opinion Research,C+,1500,lv,.1087317,0,48,47,50.593363,40.553693,"",T,https://www.rasmussenreports.com/public_content/politics/biden_administration/biden_approval_index_history,74249,139406,1/25/2021,09:55:05 26 Feb 2021
Joseph R. Biden Jr.,All polls,2/26/2021,1/21/2021,1/24/2021,Monmouth University,A+,809,a,1.8108364,0,54,30,53.797438,30.900531,"","",https://www.monmouth.edu/polling-institute/documents/monmouthpoll_us_012721.pdf/,74263,139456,1/27/2021,09:55:05 26 Feb 2021
Joseph R. Biden Jr.,All polls,2/26/2021,1/22/2021,1/24/2021,Morning Consult,B/C,15000,a,.11355202,0,53,29,52.807534,31.806812,"",T,https://morningconsult.com/form/global-leader-approval/,74257,139494,1/28/2021,09:55:05 26 Feb 2021
Joseph R. Biden Jr.,All polls,2/26/2021,1/20/2021,1/26/2021,Echelon Insights,"",1006,rv,.80103326,0,55,33,55.333417,32.258031,"","",https://echeloninsights.com/in-the-news/january-omnibus-biden-administration/,74329,139616,2/3/2021,09:55:05 26 Feb 2021
Joseph R. Biden Jr.,All polls,2/26/2021,1/21/2021,1/25/2021,Rasmussen Reports/Pulse Opinion Research,C+,1500,lv,.30404001,0,48,47,50.593363,40.553693,"",T,https://www.rasmussenreports.com/public_content/politics/biden_administration/biden_approval_index_history,74259,139428,1/26/2021,09:55:05 26 Feb 2021
Joseph R. Biden Jr.,All polls,2/26/2021,1/22/2021,1/25/2021,Morning Consult,B/C,1990,rv,.04251445,0,59,32,58.807534,34.806812,"","",https://assets.morningconsult.com/wp-uploads/2021/01/27081057/210182_crosstabs_POLITICO_RVs_v1_AUTO.pdf,74264,139461,1/27/2021,09:55:05 26 Feb 2021
Joseph R. Biden Jr.,All polls,2/26/2021,1/23/2021,1/25/2021,Morning Consult,B/C,15000,a,.10682023,0,53,30,52.807534,32.806812,"",T,https://morningconsult.com/form/global-leader-approval/,74275,139495,1/28/2021,09:55:05 26 Feb 2021
Joseph R. Biden Jr.,All polls,2/26/2021,1/22/2021,1/25/2021,Data for Progress,B-,1164,lv,1.2245486,0,57,36,55.865819,35.237672,"","",https://www.dataforprogress.org/blog/2021/1/28/fifty-seven-percent-of-voters-approve-of-biden-in-his-first-week-as-president,74271,139490,1/28/2021,09:55:05 26 Feb 2021
Joseph R. Biden Jr.,All polls,2/26/2021,1/22/2021,1/25/2021,Morning Consult,B/C,2200,a,.0470009,0,56,32,55.807534,34.806812,"","",https://assets.morningconsult.com/wp-uploads/2021/02/12185419/210184_crosstabs_MC_ENERGY_Adults_v1-1.pdf,74376,139763,2/15/2021,09:55:05 26 Feb 2021
Joseph R. Biden Jr.,All polls,2/26/2021,1/24/2021,1/26/2021,YouGov,B,1500,a,.73027685,0,51,33,52.600765,33.489397,"","",https://docs.cdn.yougov.com/ld46rgtdlz/econTabReport.pdf,74262,139434,1/27/2021,09:55:05 26 Feb 2021
Joseph R. Biden Jr.,All polls,2/26/2021,1/24/2021,1/26/2021,Morning Consult,B/C,15000,a,.10215417,0,53,30,52.807534,32.806812,"",T,https://morningconsult.com/form/global-leader-approval/,74276,139496,1/28/2021,09:55:05 26 Feb 2021
Joseph R. Biden Jr.,All polls,2/26/2021,1/24/2021,1/26/2021,Rasmussen Reports/Pulse Opinion Research,C+,1500,lv,.1531474,0,48,48,50.593363,41.553693,"",T,https://www.rasmussenreports.com/public_content/politics/biden_administration/biden_approval_index_history,74261,139433,1/27/2021,09:55:05 26 Feb 2021
Joseph R. Biden Jr.,All polls,2/26/2021,1/25/2021,1/27/2021,Rasmussen Reports/Pulse Opinion Research,C+,1500,lv,.1474185,.00112128,49,48,51.593363,41.553693,"",T,https://www.rasmussenreports.com/public_content/politics/biden_administration/biden_approval_index_history,74268,139483,1/28/2021,09:55:05 26 Feb 2021
Joseph R. Biden Jr.,All polls,2/26/2021,1/25/2021,1/27/2021,Morning Consult,B/C,15000,a,.09834623,.00072048,54,31,53.807534,33.806812,"",T,https://morningconsult.com/form/global-leader-approval/,74277,139497,1/28/2021,09:55:05 26 Feb 2021
Joseph R. Biden Jr.,All polls,2/26/2021,1/25/2021,1/26/2021,Morning Consult,B/C,2200,a,.04327234,.00031701,58,32,57.807534,34.806812,"","",https://assets.morningconsult.com/wp-uploads/2021/02/04174538/210179_crosstabs_MC_SPORTS_PRESUPER_BOWL_Adults_v3.pdf,74346,139653,2/5/2021,09:55:05 26 Feb 2021
Joseph R. Biden Jr.,All polls,2/26/2021,1/24/2021,1/27/2021,Marist College,A+,1313,a,2.4548313,.02639604,49,35,50.475215,34.844742,"","",http://maristpoll.marist.edu/wp-content/uploads/2021/02/Marist-Poll_USA-NOS-and-Tables_202101281213-1.pdf#page=3,74320,139558,2/1/2021,09:55:05 26 Feb 2021
Joseph R. Biden Jr.,All polls,2/26/2021,1/26/2021,1/28/2021,Morning Consult,B/C,9211.5,a,.05866933,.00085882,55,31.5,54.807534,34.306812,*,T,https://int.nyt.com/data/documenttools/ben-smith-poll/967c3e3a09403867/full.pdf,74292,139518,2/1/2021,09:55:05 26 Feb 2021
Joseph R. Biden Jr.,All polls,2/26/2021,1/26/2021,1/28/2021,Rasmussen Reports/Pulse Opinion Research,C+,1500,lv,.14248689,.00216827,50,45,52.593363,38.553693,"",T,https://www.rasmussenreports.com/public_content/politics/biden_administration/biden_approval_index_history,74290,139515,1/29/2021,09:55:05 26 Feb 2021
Joseph R. Biden Jr.,All polls,2/26/2021,1/21/2021,2/2/2021,Gallup,B,906,a,1.151954,.02243323,57,37,56.166725,36.194619,"","",https://news.gallup.com/poll/329348/biden-begins-term-job-approval.aspx,74344,139651,2/4/2021,09:55:05 26 Feb 2021
Joseph R. Biden Jr.,All polls,2/26/2021,1/27/2021,1/28/2021,Morning Consult,B/C,2200,a,.04092577,.00089799,56,33,55.807534,35.806812,"","",https://assets.morningconsult.com/wp-uploads/2021/02/12185159/210193_crosstabs_MC_ENERGY_Adults_v2.pdf,74378,139765,2/15/2021,09:55:05 26 Feb 2021
Joseph R. Biden Jr.,All polls,2/26/2021,1/27/2021,1/29/2021,IBD/TIPP,A/B,1261,a,2.1061854,.06794146,53,29,53.214634,31.02814,"","",https://www.investors.com/politics/joe-biden-job-approval-enjoys-honeymoon-vs-donald-trump-ibd-tipp-poll/,74321,139560,2/1/2021,09:55:05 26 Feb 2021
Joseph R. Biden Jr.,All polls,2/26/2021,1/27/2021,1/29/2021,Morning Consult,B/C,15000,a,.09301312,.00204088,54,32,53.807534,34.806812,"",T,https://morningconsult.com/form/global-leader-approval/,74339,139644,2/4/2021,09:55:05 26 Feb 2021
Joseph R. Biden Jr.,All polls,2/26/2021,1/28/2021,1/29/2021,HarrisX,C,945,rv,.52581625,.01481696,61,39,57.913106,37.45981,"","",https://thehill.com/hilltv/what-americas-thinking/536809-poll-biden-approval-dips-to-61-percent,74322,139562,2/1/2021,09:55:05 26 Feb 2021
Joseph R. Biden Jr.,All polls,2/26/2021,1/27/2021,1/31/2021,Rasmussen Reports/Pulse Opinion Research,C+,1500,lv,.08141041,.00245615,49,46,51.593363,39.553693,"",T,https://www.rasmussenreports.com/public_content/politics/biden_administration/biden_approval_index_history,74293,139520,2/1/2021,09:55:05 26 Feb 2021
Joseph R. Biden Jr.,All polls,2/26/2021,1/28/2021,1/30/2021,RMG Research,B/C,1200,rv,.49189831,.01593072,58,35,56.165768,35.997386,"","",https://scottrasmussen.com/biden-job-approval-60/,74355,139680,2/9/2021,09:55:05 26 Feb 2021
Joseph R. Biden Jr.,All polls,2/26/2021,1/29/2021,1/29/2021,John Zogby Strategies/EMI Research Solutions,"",841,lv,.7843669,.03373621,56.1,36.4,55.403099,36.196393,"","",https://johnzogbystrategies.com/wp-content/uploads/2021/02/Crosstabs-Voters-012921.pdf,74326,139569,2/2/2021,09:55:05 26 Feb 2021
Joseph R. Biden Jr.,All polls,2/26/2021,1/28/2021,1/30/2021,Morning Consult,B/C,6466.67,a,.03941323,.00114622,55.333333,33,55.140867,35.806812,*,T,https://assets.morningconsult.com/wp-uploads/2021/02/01222231/2101102_crosstabs_MC_TECH_QANON_Adults_v1.pdf,74323,139563,2/2/2021,09:55:05 26 Feb 2021
Joseph R. Biden Jr.,All polls,2/26/2021,1/28/2021,2/1/2021,Rasmussen Reports/Pulse Opinion Research,C+,1500,lv,.23850182,.00897663,51,45,53.593363,38.553693,"",T,https://www.rasmussenreports.com/public_content/politics/biden_administration/biden_approval_index_history,74325,139568,2/2/2021,09:55:05 26 Feb 2021
Joseph R. Biden Jr.,All polls,2/26/2021,1/29/2021,1/31/2021,Morning Consult,B/C,15000,a,.08987102,.00325232,54,33,53.807534,35.806812,"",T,https://morningconsult.com/form/global-leader-approval/,74340,139646,2/4/2021,09:55:05 26 Feb 2021
Joseph R. Biden Jr.,All polls,2/26/2021,1/27/2021,2/1/2021,Global Strategy Group/GBAO (Navigator Research),"",1005,rv,.71315277,.03297495,53,39,52.887838,38.442533,"","",https://navigatorresearch.org/wp-content/uploads/2021/02/Navigator-Topline-02.02.21.pdf,74324,139564,2/2/2021,09:55:05 26 Feb 2021
Joseph R. Biden Jr.,All polls,2/26/2021,1/28/2021,2/1/2021,AP-NORC,"",1055,a,1.4512304,.07802314,61,38,58.75363,37.406469,"","",https://apnorc.org/wp-content/uploads/2021/02/Biden-topline.pdf,74336,139629,2/4/2021,09:55:05 26 Feb 2021
Joseph R. Biden Jr.,All polls,2/26/2021,1/28/2021,2/1/2021,Quinnipiac University,B+,1075,a,1.4663746,.07269201,49,36,50.838542,36.013518,"","",https://poll.qu.edu/national/release-detail?ReleaseID=3688,74334,139617,2/3/2021,09:55:05 26 Feb 2021
Joseph R. Biden Jr.,All polls,2/26/2021,1/29/2021,2/1/2021,Morning Consult,B/C,1986,rv,.0352746,.00152131,58,35,57.807534,37.806812,"","",https://assets.morningconsult.com/wp-uploads/2021/02/03074817/2101110_crosstabs_POLITICO_RVs_v1.pdf,74330,139576,2/3/2021,09:55:05 26 Feb 2021
Joseph R. Biden Jr.,All polls,2/26/2021,1/29/2021,2/1/2021,Morning Consult,B/C,2200,a,.03907559,.00168523,57,33,56.807534,35.806812,"","",https://assets.morningconsult.com/wp-uploads/2021/02/03174029/2101105_crosstabs_MC_FINANCE_Adults_v1.pdf,74375,139762,2/15/2021,09:55:05 26 Feb 2021
Joseph R. Biden Jr.,All polls,2/26/2021,1/30/2021,2/1/2021,Morning Consult,B/C,15000,a,.08880816,.00383008,54,33,53.807534,35.806812,"",T,https://morningconsult.com/form/global-leader-approval/,74331,139647,2/4/2021,09:55:05 26 Feb 2021
Joseph R. Biden Jr.,All polls,2/26/2021,1/31/2021,2/2/2021,Morning Consult,B/C,15000,a,.08854313,.00440554,54,33,53.807534,35.806812,"",T,https://morningconsult.com/form/global-leader-approval/,74341,139648,2/4/2021,09:55:05 26 Feb 2021
Joseph R. Biden Jr.,All polls,2/26/2021,1/31/2021,2/2/2021,Rasmussen Reports/Pulse Opinion Research,C+,1500,lv,.12950934,.00671739,51,47,53.593363,40.553693,"",T,https://www.rasmussenreports.com/public_content/politics/biden_administration/biden_approval_index_history,74333,139595,2/3/2021,09:55:05 26 Feb 2021
Joseph R. Biden Jr.,All polls,2/26/2021,1/31/2021,2/2/2021,YouGov,B,1500,a,.61275979,.03244015,46,38,47.600765,38.489397,"","",https://docs.cdn.yougov.com/460mactkmh/econTabReport.pdf,74332,139593,2/3/2021,09:55:05 26 Feb 2021
Joseph R. Biden Jr.,All polls,2/26/2021,2/1/2021,2/3/2021,Morning Consult,B/C,15000,a,.08817617,.00497651,54,33,53.807534,35.806812,"",T,https://morningconsult.com/form/global-leader-approval/,74366,139733,2/11/2021,09:55:05 26 Feb 2021
Joseph R. Biden Jr.,All polls,2/26/2021,2/1/2021,2/3/2021,Rasmussen Reports/Pulse Opinion Research,C+,1500,lv,.12879066,.00755699,52,46,54.593363,39.553693,"",T,https://www.rasmussenreports.com/public_content/politics/biden_administration/biden_approval_index_history,74338,139642,2/4/2021,09:55:05 26 Feb 2021
Joseph R. Biden Jr.,All polls,2/26/2021,2/2/2021,2/4/2021,Rasmussen Reports/Pulse Opinion Research,C+,1500,lv,.12808148,.0083956,49,48,51.593363,41.553693,"",T,https://www.rasmussenreports.com/public_content/politics/biden_administration/biden_approval_index_history,74347,139654,2/5/2021,09:55:05 26 Feb 2021
Joseph R. Biden Jr.,All polls,2/26/2021,2/2/2021,2/3/2021,Ipsos,B-,1005,a,.73936562,.05320063,57,34,55.877411,34.907959,"","",https://www.ipsos.com/sites/default/files/ct/news/documents/2021-02/2021_reuters_tracking_-_core_political_presidential_approval_tracker_02_04_2021_0.pdf,74345,139652,2/4/2021,09:55:05 26 Feb 2021
Joseph R. Biden Jr.,All polls,2/26/2021,2/2/2021,2/3/2021,Emerson College,A-,1429,a,2.0664979,.19998366,49,39,50.673367,38.393265,"","",https://emersonpolling.reportablenews.com/pr/february-national-poll-america-giving-biden-a-chance-split-on-trump-impeachment,74348,139668,2/5/2021,09:55:05 26 Feb 2021
Joseph R. Biden Jr.,All polls,2/26/2021,2/2/2021,2/4/2021,Morning Consult,B/C,15000,a,.08798945,.00554706,54,34,53.807534,36.806812,"",T,https://morningconsult.com/form/global-leader-approval/,74367,139734,2/11/2021,09:55:05 26 Feb 2021
Joseph R. Biden Jr.,All polls,2/26/2021,2/3/2021,2/5/2021,Morning Consult,B/C,15000,a,.0876804,.0061211,54,34,53.807534,36.806812,"",T,https://morningconsult.com/form/global-leader-approval/,74368,139735,2/11/2021,09:55:05 26 Feb 2021
Joseph R. Biden Jr.,All polls,2/26/2021,2/3/2021,2/7/2021,Rasmussen Reports/Pulse Opinion Research,C+,1500,lv,.07582564,.00706107,50,47,52.593363,40.553693,"",T,https://www.rasmussenreports.com/public_content/politics/biden_administration/biden_approval_index_history,74349,139669,2/8/2021,09:55:05 26 Feb 2021
Joseph R. Biden Jr.,All polls,2/26/2021,2/4/2021,2/6/2021,Morning Consult,B/C,15000,a,.08709969,.00782002,54,34,53.807534,36.806812,"",T,https://morningconsult.com/form/global-leader-approval/,74369,139736,2/11/2021,09:55:05 26 Feb 2021
Joseph R. Biden Jr.,All polls,2/26/2021,2/4/2021,2/6/2021,RMG Research,B/C,1200,rv,.47083197,.04801857,60,32,58.165768,32.997386,"","",https://scottrasmussen.com/biden-job-approval-60/,74354,139679,2/9/2021,09:55:05 26 Feb 2021
Joseph R. Biden Jr.,All polls,2/26/2021,2/4/2021,2/8/2021,Rasmussen Reports/Pulse Opinion Research,C+,1500,lv,.22500189,.02565492,51,46,53.593363,39.553693,"",T,https://www.rasmussenreports.com/public_content/politics/biden_administration/biden_approval_index_history,74352,139675,2/9/2021,09:55:05 26 Feb 2021
Joseph R. Biden Jr.,All polls,2/26/2021,2/5/2021,2/7/2021,Morning Consult,B/C,1986,rv,.03442359,.00378162,59,35,58.807534,37.806812,"","",https://assets.morningconsult.com/wp-uploads/2021/02/11080445/210227_crosstabs_POLITICO_RVs_v1_AUTO.pdf,74351,139673,2/8/2021,09:55:05 26 Feb 2021
Joseph R. Biden Jr.,All polls,2/26/2021,2/5/2021,2/7/2021,Morning Consult,B/C,15000,a,.08666563,.00952069,55,33,54.807534,35.806812,"",T,https://morningconsult.com/form/global-leader-approval/,74372,139746,2/11/2021,09:55:05 26 Feb 2021
Joseph R. Biden Jr.,All polls,2/26/2021,2/5/2021,2/8/2021,YouGov,B,2508,a,.87300846,.13117726,61,39,62.600765,39.489397,"","",https://www.cbsnews.com/news/covid-relief-opinion-poll/,74357,139683,2/9/2021,09:55:05 26 Feb 2021
Joseph R. Biden Jr.,All polls,2/26/2021,2/6/2021,2/8/2021,Morning Consult,B/C,15000,a,.0865475,.0112535,55,33,54.807534,35.806812,"",T,https://morningconsult.com/form/global-leader-approval/,74370,139738,2/11/2021,09:55:05 26 Feb 2021
Joseph R. Biden Jr.,All polls,2/26/2021,2/7/2021,2/9/2021,Morning Consult,B/C,15000,a,.08669846,.01302883,55,33,54.807534,35.806812,"",T,https://morningconsult.com/form/global-leader-approval/,74371,139739,2/11/2021,09:55:05 26 Feb 2021
Joseph R. Biden Jr.,All polls,2/26/2021,2/6/2021,2/9/2021,YouGov,B,1500,a,.52678393,.09061259,50,37,51.600765,37.489397,"","",https://docs.cdn.yougov.com/rqqxdo2ujy/econTabReport.pdf,74360,139697,2/10/2021,09:55:05 26 Feb 2021
Joseph R. Biden Jr.,All polls,2/26/2021,2/7/2021,2/9/2021,Rasmussen Reports/Pulse Opinion Research,C+,1500,lv,.12446401,.01930457,51,47,53.593363,40.553693,"",T,https://www.rasmussenreports.com/public_content/politics/biden_administration/biden_approval_index_history,74359,139696,2/10/2021,09:55:05 26 Feb 2021
Joseph R. Biden Jr.,All polls,2/26/2021,2/8/2021,2/9/2021,HarrisX,C,938,rv,.36446883,.07138137,60,40,56.913106,38.45981,"","",https://thehill.com/hilltv/what-americas-thinking/538612-what-americas-thinking-february-12-2021,74374,139761,2/12/2021,09:55:05 26 Feb 2021
Joseph R. Biden Jr.,All polls,2/26/2021,2/8/2021,2/10/2021,Rasmussen Reports/Pulse Opinion Research,C+,1500,lv,.12495871,.02188636,50,47,52.593363,40.553693,"",T,https://www.rasmussenreports.com/public_content/politics/biden_administration/biden_approval_index_history,74362,139720,2/11/2021,09:55:05 26 Feb 2021
Joseph R. Biden Jr.,All polls,2/26/2021,2/8/2021,2/10/2021,Morning Consult,B/C,15000,a,.08684966,.01486598,55,33,54.807534,35.806812,"",T,https://morningconsult.com/form/global-leader-approval/,74389,139832,2/18/2021,09:55:05 26 Feb 2021
Joseph R. Biden Jr.,All polls,2/26/2021,2/9/2021,2/10/2021,Ipsos,B-,1001,a,.67932047,.15074007,57,35,55.877411,35.907959,"","",https://www.ipsos.com/en-us/reutersipsos-core-political-survey-presidential-approval-tracker-02102021,74361,139719,2/10/2021,09:55:05 26 Feb 2021
Joseph R. Biden Jr.,All polls,2/26/2021,2/9/2021,2/11/2021,Morning Consult,B/C,15000,a,.08734042,.01678611,55,33,54.807534,35.806812,"",T,https://morningconsult.com/form/global-leader-approval/,74390,139833,2/18/2021,09:55:05 26 Feb 2021
Joseph R. Biden Jr.,All polls,2/26/2021,2/9/2021,2/11/2021,Rasmussen Reports/Pulse Opinion Research,C+,1500,lv,.12550233,.02456779,52,45,54.593363,38.553693,"",T,https://www.rasmussenreports.com/public_content/politics/biden_administration/biden_approval_index_history,74373,139760,2/12/2021,09:55:05 26 Feb 2021
Joseph R. Biden Jr.,All polls,2/26/2021,2/10/2021,2/12/2021,Morning Consult,B/C,15000,a,.08780995,.01879535,55,33,54.807534,35.806812,"",T,https://morningconsult.com/form/global-leader-approval/,74391,139834,2/18/2021,09:55:05 26 Feb 2021
Joseph R. Biden Jr.,All polls,2/26/2021,2/3/2021,2/18/2021,Gallup,B,1021,a,1.2555413,.34876414,56,40,55.166725,39.194619,"","",https://news.gallup.com/poll/329948/biden-gets-high-marks-covid-response.aspx,74402,139858,2/22/2021,09:55:05 26 Feb 2021
Joseph R. Biden Jr.,All polls,2/26/2021,2/7/2021,2/14/2021,Saint Leo University,C/D,1000,a,.5479127,.16103527,60.9,32.3,59.056458,34.005215,"","",https://polls.saintleo.edu/new-saint-leo-polling-survey-shows-six-out-of-10-americans-like-bidens-job-performance-so-far/,74408,139905,2/24/2021,09:55:05 26 Feb 2021
Joseph R. Biden Jr.,All polls,2/26/2021,2/10/2021,2/14/2021,Rasmussen Reports/Pulse Opinion Research,C+,1500,lv,.07597504,.01811257,53,43,55.593363,36.553693,"",T,https://www.rasmussenreports.com/public_content/politics/biden_administration/biden_approval_index_history,74379,139766,2/15/2021,09:55:05 26 Feb 2021
Joseph R. Biden Jr.,All polls,2/26/2021,2/11/2021,2/13/2021,RMG Research,B/C,1200,rv,.49189831,.12978864,57,35,55.165768,35.997386,"","",https://scottrasmussen.com/biden-job-approval-rating-at-56/,74411,139908,2/24/2021,09:55:05 26 Feb 2021
Joseph R. Biden Jr.,All polls,2/26/2021,2/11/2021,2/13/2021,Morning Consult,B/C,15000,a,.08747741,.0209028,55,34,54.807534,36.806812,"",T,https://morningconsult.com/form/global-leader-approval/,74392,139835,2/18/2021,09:55:05 26 Feb 2021
Joseph R. Biden Jr.,All polls,2/26/2021,2/11/2021,2/15/2021,Global Strategy Group/GBAO (Navigator Research),"",1067,rv,.73809772,.23320521,56,38,55.887838,37.442533,"","",https://navigatorresearch.org/wp-content/uploads/2021/02/Navigator-Toplines-02.16.2021.pdf,74383,139794,2/17/2021,09:55:05 26 Feb 2021
Joseph R. Biden Jr.,All polls,2/26/2021,2/11/2021,2/14/2021,Quinnipiac University,B+,1056,a,1.4464966,.47500006,50,38,51.838542,38.013518,"","",https://poll.qu.edu/national/release-detail?ReleaseID=3692,74387,139830,2/17/2021,09:55:05 26 Feb 2021
Joseph R. Biden Jr.,All polls,2/26/2021,2/11/2021,2/15/2021,Rasmussen Reports/Pulse Opinion Research,C+,1500,lv,.22785463,.05962322,53,44,55.593363,37.553693,"",T,https://www.rasmussenreports.com/public_content/politics/biden_administration/biden_approval_index_history,74381,139772,2/16/2021,09:55:05 26 Feb 2021
Joseph R. Biden Jr.,All polls,2/26/2021,2/12/2021,2/14/2021,Morning Consult,B/C,15000,a,.08761898,.02313403,54,34,53.807534,36.806812,"",T,https://morningconsult.com/form/global-leader-approval/,74393,139836,2/18/2021,09:55:05 26 Feb 2021
Joseph R. Biden Jr.,All polls,2/26/2021,2/12/2021,2/15/2021,Morning Consult,B/C,2200,a,.03881544,.01122525,56,34,55.807534,36.806812,"","",https://assets.morningconsult.com/wp-uploads/2021/02/24152659/210264_crosstabs_MC_TECH_SPACE_Adults_v1_AUTO.pdf,74415,139933,2/25/2021,09:55:05 26 Feb 2021
Joseph R. Biden Jr.,All polls,2/26/2021,2/12/2021,2/15/2021,Morning Consult,B/C,1987,rv,.0350574,.01013844,56,38,55.807534,40.806812,"","",https://www.politico.com/f/?id=00000177-abaf-d644-a377-efbf5b3e0000,74384,139795,2/17/2021,09:55:05 26 Feb 2021
Joseph R. Biden Jr.,All polls,2/26/2021,2/12/2021,2/15/2021,HarrisX,C,2835,rv,.96153827,.32550763,59,41,55.913106,39.45981,"","",https://thehill.com/hilltv/what-americas-thinking/539464-what-americas-thinking-february-19-2021,74398,139853,2/19/2021,09:55:05 26 Feb 2021
Joseph R. Biden Jr.,All polls,2/26/2021,2/13/2021,2/15/2021,Morning Consult,B/C,15000,a,.0882169,.02551192,54,34,53.807534,36.806812,"",T,https://morningconsult.com/form/global-leader-approval/,74394,139837,2/18/2021,09:55:05 26 Feb 2021
Joseph R. Biden Jr.,All polls,2/26/2021,2/14/2021,2/16/2021,Rasmussen Reports/Pulse Opinion Research,C+,1500,lv,.1263498,.04499329,50,47,52.593363,40.553693,"",T,https://www.rasmussenreports.com/public_content/politics/biden_administration/biden_approval_index_history,74385,139810,2/17/2021,09:55:05 26 Feb 2021
Joseph R. Biden Jr.,All polls,2/26/2021,2/13/2021,2/16/2021,YouGov,B,1500,a,.59234497,.21706553,54,37,55.600765,37.489397,"","",https://docs.cdn.yougov.com/3at75tb28w/econTabReport.pdf,74386,139811,2/17/2021,09:55:05 26 Feb 2021
Joseph R. Biden Jr.,All polls,2/26/2021,2/14/2021,2/15/2021,Morning Consult,B/C,1984,rv,.03565925,.01268273,62,33,61.807534,35.806812,"","",https://www.politico.com/f/?id=00000177-a857-d644-a377-eedf501c0000,74380,139771,2/16/2021,09:55:05 26 Feb 2021
Joseph R. Biden Jr.,All polls,2/26/2021,2/14/2021,2/16/2021,Morning Consult,B/C,15000,a,.08986706,.03196253,54,34,53.807534,36.806812,"",T,https://morningconsult.com/form/global-leader-approval/,74395,139838,2/18/2021,09:55:05 26 Feb 2021
Joseph R. Biden Jr.,All polls,2/26/2021,2/12/2021,2/18/2021,Echelon Insights,"",1005,rv,.80068767,.33512729,51,42,51.333417,41.258031,"","",https://echeloninsights.com/in-the-news/february-omnibus-political-update/,74400,139859,2/22/2021,09:55:05 26 Feb 2021
Joseph R. Biden Jr.,All polls,2/26/2021,2/15/2021,2/17/2021,Morning Consult,B/C,15000,a,.09235039,.03886122,54,35,53.807534,37.806812,"",T,https://morningconsult.com/form/global-leader-approval/,74417,139936,2/25/2021,09:55:05 26 Feb 2021
Joseph R. Biden Jr.,All polls,2/26/2021,2/15/2021,2/17/2021,Rasmussen Reports/Pulse Opinion Research,C+,1500,lv,.12728909,.05385515,50,48,52.593363,41.553693,"",T,https://www.rasmussenreports.com/public_content/politics/biden_administration/biden_approval_index_history,74388,139831,2/18/2021,09:55:05 26 Feb 2021
Joseph R. Biden Jr.,All polls,2/26/2021,2/16/2021,2/18/2021,Rasmussen Reports/Pulse Opinion Research,C+,1500,lv,.12919941,.06313276,49,49,51.593363,42.553693,"",T,https://www.rasmussenreports.com/public_content/politics/biden_administration/biden_approval_index_history,74397,139840,2/19/2021,09:55:05 26 Feb 2021
Joseph R. Biden Jr.,All polls,2/26/2021,2/16/2021,2/18/2021,Morning Consult,B/C,15000,a,.09541178,.04630189,54,35,53.807534,37.806812,"",T,https://morningconsult.com/form/global-leader-approval/,74418,139937,2/25/2021,09:55:05 26 Feb 2021
Joseph R. Biden Jr.,All polls,2/26/2021,2/17/2021,2/19/2021,Morning Consult,B/C,15000,a,.09907391,.05445165,54,35,53.807534,37.806812,"",T,https://morningconsult.com/form/global-leader-approval/,74419,139938,2/25/2021,09:55:05 26 Feb 2021
Joseph R. Biden Jr.,All polls,2/26/2021,2/17/2021,2/18/2021,Ipsos,B-,1005,a,.69689108,.39586633,56,36,54.877411,36.907959,"","",https://www.ipsos.com/sites/default/files/ct/news/documents/2021-02/2021_reuters_tracking_-_core_political_presidential_approval_tracker_02_18_2021.pdf,74396,139839,2/18/2021,09:55:05 26 Feb 2021
Joseph R. Biden Jr.,All polls,2/26/2021,2/18/2021,2/20/2021,Morning Consult,B/C,15000,a,.10354025,.06352168,54,35,53.807534,37.806812,"",T,https://morningconsult.com/form/global-leader-approval/,74420,139939,2/25/2021,09:55:05 26 Feb 2021
Joseph R. Biden Jr.,All polls,2/26/2021,2/18/2021,2/20/2021,RMG Research,B/C,1200,rv,.59901046,.37475732,56,37,54.165768,37.997386,"","",https://scottrasmussen.com/biden-job-approval-rating-at-56/,74410,139907,2/24/2021,09:55:05 26 Feb 2021
Joseph R. Biden Jr.,All polls,2/26/2021,2/17/2021,2/21/2021,Rasmussen Reports/Pulse Opinion Research,C+,1500,lv,.08035432,.04973713,50,49,52.593363,42.553693,"",T,https://www.rasmussenreports.com/public_content/politics/biden_administration/biden_approval_index_history,74399,139854,2/22/2021,09:55:05 26 Feb 2021
Joseph R. Biden Jr.,All polls,2/26/2021,2/17/2021,2/20/2021,American Research Group,B,1100,a,1.4016035,.92285442,58,34,56.818973,35.255684,"","",https://americanresearchgroup.com/economy/,74401,139856,2/22/2021,09:55:05 26 Feb 2021
Joseph R. Biden Jr.,All polls,2/26/2021,2/18/2021,2/22/2021,Rasmussen Reports/Pulse Opinion Research,C+,1500,lv,.24607294,.1682105,50,48,52.593363,41.553693,"",T,https://www.rasmussenreports.com/public_content/politics/biden_administration/biden_approval_index_history,74403,139864,2/23/2021,09:55:05 26 Feb 2021
Joseph R. Biden Jr.,All polls,2/26/2021,2/19/2021,2/21/2021,Morning Consult,B/C,15000,a,.10909768,.07388026,54,35,53.807534,37.806812,"",T,https://morningconsult.com/form/global-leader-approval/,74421,139940,2/25/2021,09:55:05 26 Feb 2021
Joseph R. Biden Jr.,All polls,2/26/2021,2/19/2021,2/22/2021,YouGov,B,1500,a,.66544103,.49930048,51,36,52.600765,36.489397,"","",https://docs.cdn.yougov.com/imdk8zumh5/econTabReport.pdf,74406,139868,2/23/2021,09:55:05 26 Feb 2021
Joseph R. Biden Jr.,All polls,2/26/2021,2/20/2021,2/22/2021,Morning Consult,B/C,15000,a,.11595281,.08589374,54,35,53.807534,37.806812,"",T,https://morningconsult.com/form/global-leader-approval/,74422,139941,2/25/2021,09:55:05 26 Feb 2021
Joseph R. Biden Jr.,All polls,2/26/2021,2/20/2021,2/22/2021,YouGov,B,1556,a,.69028416,.51794103,50,38,51.600765,38.489397,"","",https://docs.cdn.yougov.com/b7tjs9k8au/20210222_yahoo_vaccine_tabs.pdf,74412,139909,2/24/2021,09:55:05 26 Feb 2021
Joseph R. Biden Jr.,All polls,2/26/2021,2/19/2021,2/22/2021,Morning Consult,B/C,2013,rv,.0466826,.03458082,58,36,57.807534,38.806812,"","",https://assets.morningconsult.com/wp-uploads/2021/02/24092632/2102103_crosstabs_POLITICO_RVs_v1_AUTO.pdf,74413,139910,2/24/2021,09:55:05 26 Feb 2021
Joseph R. Biden Jr.,All polls,2/26/2021,2/21/2021,2/23/2021,Morning Consult,B/C,15000,a,.37511241,.30164766,54,35,53.807534,37.806812,"",T,https://morningconsult.com/form/global-leader-approval/,74423,139942,2/25/2021,09:55:05 26 Feb 2021
Joseph R. Biden Jr.,All polls,2/26/2021,2/21/2021,2/23/2021,Rasmussen Reports/Pulse Opinion Research,C+,1500,lv,.14607866,.11839752,49,49,51.593363,42.553693,"",T,https://www.rasmussenreports.com/public_content/politics/biden_administration/biden_approval_index_history,74409,139906,2/24/2021,09:55:05 26 Feb 2021
Joseph R. Biden Jr.,All polls,2/26/2021,2/22/2021,2/24/2021,Rasmussen Reports/Pulse Opinion Research,C+,1500,lv,.15252845,.13323575,50,48,52.593363,41.553693,"",T,https://www.rasmussenreports.com/public_content/politics/biden_administration/biden_approval_index_history,74416,139935,2/25/2021,09:55:05 26 Feb 2021
Joseph R. Biden Jr.,All polls,2/26/2021,2/23/2021,2/24/2021,HarrisX,C,949,rv,.54665979,.51080236,59,41,55.913106,39.45981,"","",https://thehill.com/hilltv/what-americas-thinking/540569-what-americas-thinking-february-25-2021,74424,139943,2/25/2021,09:55:05 26 Feb 2021
Joseph R. Biden Jr.,All polls,2/26/2021,2/23/2021,2/25/2021,Rasmussen Reports/Pulse Opinion Research,C+,1500,lv,.48249681,.4518647,49,49,51.593363,42.553693,"",T,https://www.rasmussenreports.com/public_content/politics/biden_administration/biden_approval_index_history,74426,139951,2/26/2021,09:55:05 26 Feb 2021
Joseph R. Biden Jr.,All polls,2/26/2021,2/24/2021,2/25/2021,Ipsos,B-,1004,a,.80408033,.80408033,57,37,55.877411,37.907959,"","",https://www.ipsos.com/sites/default/files/ct/news/documents/2021-02/2021_reuters_tracking_-_core_political_presidential_approval_tracker_02_25_2021.pdf,74425,139944,2/25/2021,09:55:05 26 Feb 2021
Joseph R. Biden Jr.,Adults,2/26/2021,1/19/2021,1/21/2021,Morning Consult,B/C,15000,a,.16070581,0,50,28,49.68393,29.768636,"",T,https://morningconsult.com/form/global-leader-approval/,74272,139491,1/28/2021,09:55:05 26 Feb 2021
Joseph R. Biden Jr.,Adults,2/26/2021,1/20/2021,1/21/2021,YouGov,B,1516,a,.8626765,0,45,28,46.332552,27.69775,"","",https://docs.cdn.yougov.com/u3h9dresbn/20210120_yahoo_coronavirus_toplines.pdf,74327,139570,2/2/2021,09:55:05 26 Feb 2021
Joseph R. Biden Jr.,Adults,2/26/2021,1/20/2021,1/21/2021,Ipsos,B-,1115,a,1.0166161,0,55,32,53.667406,32.114095,"","",https://www.ipsos.com/sites/default/files/ct/news/documents/2021-01/2021_reuters_tracking_-_core_political_presidential_approval_tracker_01_22_2021.pdf,74248,139404,1/22/2021,09:55:05 26 Feb 2021
Joseph R. Biden Jr.,Adults,2/26/2021,1/20/2021,1/22/2021,Morning Consult,B/C,15000,a,.14444257,0,51,28,50.68393,29.768636,"",T,https://morningconsult.com/form/global-leader-approval/,74273,139492,1/28/2021,09:55:05 26 Feb 2021
Joseph R. Biden Jr.,Adults,2/26/2021,1/21/2021,1/23/2021,Morning Consult,B/C,15000,a,.13229283,0,52,29,51.68393,30.768636,"",T,https://morningconsult.com/form/global-leader-approval/,74274,139493,1/28/2021,09:55:05 26 Feb 2021
Joseph R. Biden Jr.,Adults,2/26/2021,1/22/2021,1/24/2021,Morning Consult,B/C,15000,a,.12280283,0,53,29,52.68393,30.768636,"",T,https://morningconsult.com/form/global-leader-approval/,74257,139494,1/28/2021,09:55:05 26 Feb 2021
Joseph R. Biden Jr.,Adults,2/26/2021,1/21/2021,1/24/2021,Monmouth University,A+,809,a,1.8108364,0,54,30,53.360351,30.334446,"","",https://www.monmouth.edu/polling-institute/documents/monmouthpoll_us_012721.pdf/,74263,139456,1/27/2021,09:55:05 26 Feb 2021
Joseph R. Biden Jr.,Adults,2/26/2021,1/22/2021,1/25/2021,Morning Consult,B/C,2200,a,.05074085,0,56,32,55.68393,33.768636,"","",https://assets.morningconsult.com/wp-uploads/2021/02/12185419/210184_crosstabs_MC_ENERGY_Adults_v1-1.pdf,74376,139763,2/15/2021,09:55:05 26 Feb 2021
Joseph R. Biden Jr.,Adults,2/26/2021,1/23/2021,1/25/2021,Morning Consult,B/C,15000,a,.11532011,0,53,30,52.68393,31.768636,"",T,https://morningconsult.com/form/global-leader-approval/,74275,139495,1/28/2021,09:55:05 26 Feb 2021
Joseph R. Biden Jr.,Adults,2/26/2021,1/24/2021,1/26/2021,YouGov,B,1500,a,.73027685,0,51,33,52.332552,32.69775,"","",https://docs.cdn.yougov.com/ld46rgtdlz/econTabReport.pdf,74262,139434,1/27/2021,09:55:05 26 Feb 2021
Joseph R. Biden Jr.,Adults,2/26/2021,1/24/2021,1/26/2021,Morning Consult,B/C,15000,a,.10980214,0,53,30,52.68393,31.768636,"",T,https://morningconsult.com/form/global-leader-approval/,74276,139496,1/28/2021,09:55:05 26 Feb 2021
Joseph R. Biden Jr.,Adults,2/26/2021,1/25/2021,1/27/2021,Morning Consult,B/C,15000,a,.105362,.00077363,54,31,53.68393,32.768636,"",T,https://morningconsult.com/form/global-leader-approval/,74277,139497,1/28/2021,09:55:05 26 Feb 2021
Joseph R. Biden Jr.,Adults,2/26/2021,1/25/2021,1/26/2021,Morning Consult,B/C,2200,a,.04635928,.0003404,58,32,57.68393,33.768636,"","",https://assets.morningconsult.com/wp-uploads/2021/02/04174538/210179_crosstabs_MC_SPORTS_PRESUPER_BOWL_Adults_v3.pdf,74346,139653,2/5/2021,09:55:05 26 Feb 2021
Joseph R. Biden Jr.,Adults,2/26/2021,1/24/2021,1/27/2021,Marist College,A+,1313,a,2.4548313,.02639604,49,35,50.154067,34.405645,"","",http://maristpoll.marist.edu/wp-content/uploads/2021/02/Marist-Poll_USA-NOS-and-Tables_202101281213-1.pdf#page=3,74320,139558,2/1/2021,09:55:05 26 Feb 2021
Joseph R. Biden Jr.,Adults,2/26/2021,1/21/2021,2/2/2021,Gallup,B,906,a,1.151954,.02243323,57,37,56.002389,35.813764,"","",https://news.gallup.com/poll/329348/biden-begins-term-job-approval.aspx,74344,139651,2/4/2021,09:55:05 26 Feb 2021
Joseph R. Biden Jr.,Adults,2/26/2021,1/26/2021,1/28/2021,Morning Consult,B/C,9211.5,a,.06279002,.00092171,55,31.5,54.68393,33.268636,*,T,https://int.nyt.com/data/documenttools/ben-smith-poll/967c3e3a09403867/full.pdf,74292,139518,2/1/2021,09:55:05 26 Feb 2021
Joseph R. Biden Jr.,Adults,2/26/2021,1/27/2021,1/29/2021,Morning Consult,B/C,15000,a,.0994573,.00218952,54,32,53.68393,33.768636,"",T,https://morningconsult.com/form/global-leader-approval/,74339,139644,2/4/2021,09:55:05 26 Feb 2021
Joseph R. Biden Jr.,Adults,2/26/2021,1/27/2021,1/29/2021,IBD/TIPP,A/B,1261,a,2.1061854,.06794146,53,29,52.96513,30.680553,"","",https://www.investors.com/politics/joe-biden-job-approval-enjoys-honeymoon-vs-donald-trump-ibd-tipp-poll/,74321,139560,2/1/2021,09:55:05 26 Feb 2021
Joseph R. Biden Jr.,Adults,2/26/2021,1/27/2021,1/28/2021,Morning Consult,B/C,2200,a,.04376121,.00096339,56,33,55.68393,34.768636,"","",https://assets.morningconsult.com/wp-uploads/2021/02/12185159/210193_crosstabs_MC_ENERGY_Adults_v2.pdf,74378,139765,2/15/2021,09:55:05 26 Feb 2021
Joseph R. Biden Jr.,Adults,2/26/2021,1/28/2021,1/30/2021,Morning Consult,B/C,6466.67,a,.042132,.0012296,55.333333,33,55.017263,34.768636,*,T,https://assets.morningconsult.com/wp-uploads/2021/02/01222231/2101102_crosstabs_MC_TECH_QANON_Adults_v1.pdf,74323,139563,2/2/2021,09:55:05 26 Feb 2021
Joseph R. Biden Jr.,Adults,2/26/2021,1/28/2021,2/1/2021,AP-NORC,"",1055,a,1.4512304,.07802314,61,38,58.556689,37.147821,"","",https://apnorc.org/wp-content/uploads/2021/02/Biden-topline.pdf,74336,139629,2/4/2021,09:55:05 26 Feb 2021
Joseph R. Biden Jr.,Adults,2/26/2021,1/29/2021,1/31/2021,Morning Consult,B/C,15000,a,.09604162,.00348886,54,33,53.68393,34.768636,"",T,https://morningconsult.com/form/global-leader-approval/,74340,139646,2/4/2021,09:55:05 26 Feb 2021
Joseph R. Biden Jr.,Adults,2/26/2021,1/28/2021,2/1/2021,Quinnipiac University,B+,1075,a,1.4663746,.07269201,49,36,50.703222,35.650968,"","",https://poll.qu.edu/national/release-detail?ReleaseID=3688,74334,139617,2/3/2021,09:55:05 26 Feb 2021
Joseph R. Biden Jr.,Adults,2/26/2021,1/30/2021,2/1/2021,Morning Consult,B/C,15000,a,.09490693,.00410931,54,33,53.68393,34.768636,"",T,https://morningconsult.com/form/global-leader-approval/,74331,139647,2/4/2021,09:55:05 26 Feb 2021
Joseph R. Biden Jr.,Adults,2/26/2021,1/29/2021,2/1/2021,Morning Consult,B/C,2200,a,.04175905,.0018081,57,33,56.68393,34.768636,"","",https://assets.morningconsult.com/wp-uploads/2021/02/03174029/2101105_crosstabs_MC_FINANCE_Adults_v1.pdf,74375,139762,2/15/2021,09:55:05 26 Feb 2021
Joseph R. Biden Jr.,Adults,2/26/2021,1/31/2021,2/2/2021,YouGov,B,1500,a,.61275979,.03244015,46,38,47.332552,37.69775,"","",https://docs.cdn.yougov.com/460mactkmh/econTabReport.pdf,74332,139593,2/3/2021,09:55:05 26 Feb 2021
Joseph R. Biden Jr.,Adults,2/26/2021,1/31/2021,2/2/2021,Morning Consult,B/C,15000,a,.0943373,.00472426,54,33,53.68393,34.768636,"",T,https://morningconsult.com/form/global-leader-approval/,74341,139648,2/4/2021,09:55:05 26 Feb 2021
Joseph R. Biden Jr.,Adults,2/26/2021,2/1/2021,2/3/2021,Morning Consult,B/C,15000,a,.09379328,.0053347,54,33,53.68393,34.768636,"",T,https://morningconsult.com/form/global-leader-approval/,74366,139733,2/11/2021,09:55:05 26 Feb 2021
Joseph R. Biden Jr.,Adults,2/26/2021,2/2/2021,2/4/2021,Morning Consult,B/C,15000,a,.09345071,.00594531,54,34,53.68393,35.768636,"",T,https://morningconsult.com/form/global-leader-approval/,74367,139734,2/11/2021,09:55:05 26 Feb 2021
Joseph R. Biden Jr.,Adults,2/26/2021,2/2/2021,2/3/2021,Ipsos,B-,1005,a,.73936562,.05320063,57,34,55.667406,34.114095,"","",https://www.ipsos.com/sites/default/files/ct/news/documents/2021-02/2021_reuters_tracking_-_core_political_presidential_approval_tracker_02_04_2021_0.pdf,74345,139652,2/4/2021,09:55:05 26 Feb 2021
Joseph R. Biden Jr.,Adults,2/26/2021,2/2/2021,2/3/2021,Emerson College,A-,1429,a,2.0664979,.19998366,49,39,50.522712,38.207579,"","",https://emersonpolling.reportablenews.com/pr/february-national-poll-america-giving-biden-a-chance-split-on-trump-impeachment,74348,139668,2/5/2021,09:55:05 26 Feb 2021
Joseph R. Biden Jr.,Adults,2/26/2021,2/3/2021,2/5/2021,Morning Consult,B/C,15000,a,.09312524,.00656052,54,34,53.68393,35.768636,"",T,https://morningconsult.com/form/global-leader-approval/,74368,139735,2/11/2021,09:55:05 26 Feb 2021
Joseph R. Biden Jr.,Adults,2/26/2021,2/4/2021,2/6/2021,Morning Consult,B/C,15000,a,.09280272,.00838031,54,34,53.68393,35.768636,"",T,https://morningconsult.com/form/global-leader-approval/,74369,139736,2/11/2021,09:55:05 26 Feb 2021
Joseph R. Biden Jr.,Adults,2/26/2021,2/5/2021,2/7/2021,Morning Consult,B/C,15000,a,.09264338,.01020485,55,33,54.68393,34.768636,"",T,https://morningconsult.com/form/global-leader-approval/,74372,139746,2/11/2021,09:55:05 26 Feb 2021
Joseph R. Biden Jr.,Adults,2/26/2021,2/5/2021,2/8/2021,YouGov,B,2508,a,.87300846,.13117726,61,39,62.332552,38.69775,"","",https://www.cbsnews.com/news/covid-relief-opinion-poll/,74357,139683,2/9/2021,09:55:05 26 Feb 2021
Joseph R. Biden Jr.,Adults,2/26/2021,2/6/2021,2/8/2021,Morning Consult,B/C,15000,a,.09247785,.01205459,55,33,54.68393,34.768636,"",T,https://morningconsult.com/form/global-leader-approval/,74370,139738,2/11/2021,09:55:05 26 Feb 2021
Joseph R. Biden Jr.,Adults,2/26/2021,2/6/2021,2/9/2021,YouGov,B,1500,a,.52678393,.09061259,50,37,51.332552,36.69775,"","",https://docs.cdn.yougov.com/rqqxdo2ujy/econTabReport.pdf,74360,139697,2/10/2021,09:55:05 26 Feb 2021
Joseph R. Biden Jr.,Adults,2/26/2021,2/7/2021,2/9/2021,Morning Consult,B/C,15000,a,.0926193,.0139503,55,33,54.68393,34.768636,"",T,https://morningconsult.com/form/global-leader-approval/,74371,139739,2/11/2021,09:55:05 26 Feb 2021
Joseph R. Biden Jr.,Adults,2/26/2021,2/8/2021,2/10/2021,Morning Consult,B/C,15000,a,.09276156,.01591393,55,33,54.68393,34.768636,"",T,https://morningconsult.com/form/global-leader-approval/,74389,139832,2/18/2021,09:55:05 26 Feb 2021
Joseph R. Biden Jr.,Adults,2/26/2021,2/9/2021,2/11/2021,Morning Consult,B/C,15000,a,.09329032,.01796957,55,33,54.68393,34.768636,"",T,https://morningconsult.com/form/global-leader-approval/,74390,139833,2/18/2021,09:55:05 26 Feb 2021
Joseph R. Biden Jr.,Adults,2/26/2021,2/9/2021,2/10/2021,Ipsos,B-,1001,a,.67932047,.15074007,57,35,55.667406,35.114095,"","",https://www.ipsos.com/en-us/reutersipsos-core-political-survey-presidential-approval-tracker-02102021,74361,139719,2/10/2021,09:55:05 26 Feb 2021
Joseph R. Biden Jr.,Adults,2/26/2021,2/3/2021,2/18/2021,Gallup,B,1021,a,1.2555413,.34876414,56,40,55.002389,38.813764,"","",https://news.gallup.com/poll/329948/biden-gets-high-marks-covid-response.aspx,74402,139858,2/22/2021,09:55:05 26 Feb 2021
Joseph R. Biden Jr.,Adults,2/26/2021,2/7/2021,2/14/2021,Saint Leo University,C/D,1000,a,.5479127,.16103527,60.9,32.3,59.039825,33.757348,"","",https://polls.saintleo.edu/new-saint-leo-polling-survey-shows-six-out-of-10-americans-like-bidens-job-performance-so-far/,74408,139905,2/24/2021,09:55:05 26 Feb 2021
Joseph R. Biden Jr.,Adults,2/26/2021,2/10/2021,2/12/2021,Morning Consult,B/C,15000,a,.09394469,.02012414,55,33,54.68393,34.768636,"",T,https://morningconsult.com/form/global-leader-approval/,74391,139834,2/18/2021,09:55:05 26 Feb 2021
Joseph R. Biden Jr.,Adults,2/26/2021,2/11/2021,2/13/2021,Morning Consult,B/C,15000,a,.09384318,.02239766,55,34,54.68393,35.768636,"",T,https://morningconsult.com/form/global-leader-approval/,74392,139835,2/18/2021,09:55:05 26 Feb 2021
Joseph R. Biden Jr.,Adults,2/26/2021,2/12/2021,2/14/2021,Morning Consult,B/C,15000,a,.09427154,.02481322,54,34,53.68393,35.768636,"",T,https://morningconsult.com/form/global-leader-approval/,74393,139836,2/18/2021,09:55:05 26 Feb 2021
Joseph R. Biden Jr.,Adults,2/26/2021,2/11/2021,2/14/2021,Quinnipiac University,B+,1056,a,1.4464966,.47500006,50,38,51.703222,37.650968,"","",https://poll.qu.edu/national/release-detail?ReleaseID=3692,74387,139830,2/17/2021,09:55:05 26 Feb 2021
Joseph R. Biden Jr.,Adults,2/26/2021,2/12/2021,2/15/2021,Morning Consult,B/C,2200,a,.04189748,.01205506,56,34,55.68393,35.768636,"","",https://assets.morningconsult.com/wp-uploads/2021/02/24152659/210264_crosstabs_MC_TECH_SPACE_Adults_v1_AUTO.pdf,74415,139933,2/25/2021,09:55:05 26 Feb 2021
Joseph R. Biden Jr.,Adults,2/26/2021,2/13/2021,2/15/2021,Morning Consult,B/C,15000,a,.09522155,.02739785,54,34,53.68393,35.768636,"",T,https://morningconsult.com/form/global-leader-approval/,74394,139837,2/18/2021,09:55:05 26 Feb 2021
Joseph R. Biden Jr.,Adults,2/26/2021,2/13/2021,2/16/2021,YouGov,B,1500,a,.59234497,.21706553,54,37,55.332552,36.69775,"","",https://docs.cdn.yougov.com/3at75tb28w/econTabReport.pdf,74386,139811,2/17/2021,09:55:05 26 Feb 2021
Joseph R. Biden Jr.,Adults,2/26/2021,2/14/2021,2/16/2021,Morning Consult,B/C,15000,a,.09707604,.03439244,54,34,53.68393,35.768636,"",T,https://morningconsult.com/form/global-leader-approval/,74395,139838,2/18/2021,09:55:05 26 Feb 2021
Joseph R. Biden Jr.,Adults,2/26/2021,2/15/2021,2/17/2021,Morning Consult,B/C,15000,a,.09952648,.04179713,54,35,53.68393,36.768636,"",T,https://morningconsult.com/form/global-leader-approval/,74417,139936,2/25/2021,09:55:05 26 Feb 2021
Joseph R. Biden Jr.,Adults,2/26/2021,2/16/2021,2/18/2021,Morning Consult,B/C,15000,a,.10261345,.04975358,54,35,53.68393,36.768636,"",T,https://morningconsult.com/form/global-leader-approval/,74418,139937,2/25/2021,09:55:05 26 Feb 2021
Joseph R. Biden Jr.,Adults,2/26/2021,2/17/2021,2/19/2021,Morning Consult,B/C,15000,a,.10651631,.05850311,54,35,53.68393,36.768636,"",T,https://morningconsult.com/form/global-leader-approval/,74419,139938,2/25/2021,09:55:05 26 Feb 2021
Joseph R. Biden Jr.,Adults,2/26/2021,2/17/2021,2/18/2021,Ipsos,B-,1005,a,.69689108,.39586633,56,36,54.667406,36.114095,"","",https://www.ipsos.com/sites/default/files/ct/news/documents/2021-02/2021_reuters_tracking_-_core_political_presidential_approval_tracker_02_18_2021.pdf,74396,139839,2/18/2021,09:55:05 26 Feb 2021
Joseph R. Biden Jr.,Adults,2/26/2021,2/17/2021,2/20/2021,American Research Group,B,1100,a,1.4016035,.92285442,58,34,56.890026,34.697481,"","",https://americanresearchgroup.com/economy/,74401,139856,2/22/2021,09:55:05 26 Feb 2021
Joseph R. Biden Jr.,Adults,2/26/2021,2/18/2021,2/20/2021,Morning Consult,B/C,15000,a,.11132058,.06825644,54,35,53.68393,36.768636,"",T,https://morningconsult.com/form/global-leader-approval/,74420,139939,2/25/2021,09:55:05 26 Feb 2021
Joseph R. Biden Jr.,Adults,2/26/2021,2/19/2021,2/21/2021,Morning Consult,B/C,15000,a,.11735455,.07943154,54,35,53.68393,36.768636,"",T,https://morningconsult.com/form/global-leader-approval/,74421,139940,2/25/2021,09:55:05 26 Feb 2021
Joseph R. Biden Jr.,Adults,2/26/2021,2/20/2021,2/22/2021,Morning Consult,B/C,15000,a,.1248572,.09244578,54,35,53.68393,36.768636,"",T,https://morningconsult.com/form/global-leader-approval/,74422,139941,2/25/2021,09:55:05 26 Feb 2021
Joseph R. Biden Jr.,Adults,2/26/2021,2/19/2021,2/22/2021,YouGov,B,1500,a,.66544103,.49930048,51,36,52.332552,35.69775,"","",https://docs.cdn.yougov.com/imdk8zumh5/econTabReport.pdf,74406,139868,2/23/2021,09:55:05 26 Feb 2021
Joseph R. Biden Jr.,Adults,2/26/2021,2/20/2021,2/22/2021,YouGov,B,1556,a,.69028416,.51794103,50,38,51.332552,37.69775,"","",https://docs.cdn.yougov.com/b7tjs9k8au/20210222_yahoo_vaccine_tabs.pdf,74412,139909,2/24/2021,09:55:05 26 Feb 2021
Joseph R. Biden Jr.,Adults,2/26/2021,2/21/2021,2/23/2021,Morning Consult,B/C,15000,a,.40278201,.32386249,54,35,53.68393,36.768636,"",T,https://morningconsult.com/form/global-leader-approval/,74423,139942,2/25/2021,09:55:05 26 Feb 2021
Joseph R. Biden Jr.,Adults,2/26/2021,2/24/2021,2/25/2021,Ipsos,B-,1004,a,.80408033,.80408033,57,37,55.667406,37.114095,"","",https://www.ipsos.com/sites/default/files/ct/news/documents/2021-02/2021_reuters_tracking_-_core_political_presidential_approval_tracker_02_25_2021.pdf,74425,139944,2/25/2021,09:55:05 26 Feb 2021
Joseph R. Biden Jr.,Voters,2/26/2021,1/19/2021,1/21/2021,Rasmussen Reports/Pulse Opinion Research,C+,1500,lv,.21221619,0,48,45,50.93619,39.01562,"",T,https://www.rasmussenreports.com/public_content/politics/biden_administration/biden_approval_index_history,74247,139395,1/22/2021,09:55:06 26 Feb 2021
Joseph R. Biden Jr.,Voters,2/26/2021,1/20/2021,1/21/2021,Morning Consult,B/C,1993,rv,.12730789,0,56,31,54.548204,32.045957,"","",https://assets.morningconsult.com/wp-uploads/2021/01/21155806/210166_crosstabs_MC_WASHINGTON_RVs_v2.pdf,74246,139394,1/22/2021,09:55:06 26 Feb 2021
Joseph R. Biden Jr.,Voters,2/26/2021,1/20/2021,1/21/2021,Ipsos,B-,950,rv,1.1245959,0,57,32,56.538242,32.413806,"","",https://www.ipsos.com/sites/default/files/ct/news/documents/2021-01/2021_reuters_tracking_-_core_political_presidential_approval_tracker_01_22_2021.pdf,74248,139405,1/22/2021,09:55:06 26 Feb 2021
Joseph R. Biden Jr.,Voters,2/26/2021,1/20/2021,1/22/2021,Morning Consult,B/C,9000,rv,.3832651,0,54,31,52.548204,32.045957,"",T,https://morningconsult.com/2021/02/03/biden-job-approval-executive-orders/,74273,139578,2/3/2021,09:55:06 26 Feb 2021
Joseph R. Biden Jr.,Voters,2/26/2021,1/20/2021,1/24/2021,Rasmussen Reports/Pulse Opinion Research,C+,1500,lv,.1087317,0,48,47,50.93619,41.01562,"",T,https://www.rasmussenreports.com/public_content/politics/biden_administration/biden_approval_index_history,74249,139406,1/25/2021,09:55:06 26 Feb 2021
Joseph R. Biden Jr.,Voters,2/26/2021,1/21/2021,1/22/2021,HarrisX,C,941,rv,.61842756,0,63,37,60.196069,35.853641,"","",https://thehill.com/hilltv/what-americas-thinking/535742-poll-president-bidens-first-approval-of-his-term-at-63-percent,74256,139422,1/25/2021,09:55:06 26 Feb 2021
Joseph R. Biden Jr.,Voters,2/26/2021,1/21/2021,1/23/2021,RMG Research,B/C,1200,rv,.59901046,0,58,32,56.517356,33.295902,"","",https://justthenews.com/politics-policy/polling/poll-nearly-third-voters-disapprove-bidens-job-performance-so-far,74270,139489,1/28/2021,09:55:06 26 Feb 2021
Joseph R. Biden Jr.,Voters,2/26/2021,1/22/2021,1/24/2021,Morning Consult,B/C,11444,rv,.66894835,0,56,34,54.548204,35.045957,"",T,https://morningconsult.com/2021/01/25/morning-consult-political-intelligence-biden-job-approval-polling/,74257,139423,1/25/2021,09:55:06 26 Feb 2021
Joseph R. Biden Jr.,Voters,2/26/2021,1/21/2021,1/24/2021,Monmouth University,A+,736,rv,1.650902,0,54,31,54.231377,31.851506,"","",https://www.monmouth.edu/polling-institute/documents/monmouthpoll_us_012721.pdf/,74263,139457,1/27/2021,09:55:06 26 Feb 2021
Joseph R. Biden Jr.,Voters,2/26/2021,1/21/2021,1/25/2021,Rasmussen Reports/Pulse Opinion Research,C+,1500,lv,.30404001,0,48,47,50.93619,41.01562,"",T,https://www.rasmussenreports.com/public_content/politics/biden_administration/biden_approval_index_history,74259,139428,1/26/2021,09:55:06 26 Feb 2021
Joseph R. Biden Jr.,Voters,2/26/2021,1/20/2021,1/26/2021,Echelon Insights,"",1006,rv,.80103326,0,55,33,55.733481,32.531396,"","",https://echeloninsights.com/in-the-news/january-omnibus-biden-administration/,74329,139616,2/3/2021,09:55:06 26 Feb 2021
Joseph R. Biden Jr.,Voters,2/26/2021,1/22/2021,1/25/2021,Data for Progress,B-,1164,lv,1.2245486,0,57,36,56.23044,35.466807,"","",https://www.dataforprogress.org/blog/2021/1/28/fifty-seven-percent-of-voters-approve-of-biden-in-his-first-week-as-president,74271,139490,1/28/2021,09:55:06 26 Feb 2021
Joseph R. Biden Jr.,Voters,2/26/2021,1/22/2021,1/25/2021,Morning Consult,B/C,1990,rv,.11772028,0,59,32,57.548204,33.045957,"","",https://assets.morningconsult.com/wp-uploads/2021/01/27081057/210182_crosstabs_POLITICO_RVs_v1_AUTO.pdf,74264,139461,1/27/2021,09:55:06 26 Feb 2021
Joseph R. Biden Jr.,Voters,2/26/2021,1/24/2021,1/26/2021,Rasmussen Reports/Pulse Opinion Research,C+,1500,lv,.1531474,.00116536,48,48,50.93619,42.01562,"",T,https://www.rasmussenreports.com/public_content/politics/biden_administration/biden_approval_index_history,74261,139433,1/27/2021,09:55:06 26 Feb 2021
Joseph R. Biden Jr.,Voters,2/26/2021,1/24/2021,1/26/2021,YouGov,B,1245,rv,.96724623,.00806849,52,36,53.195169,35.138051,"","",https://docs.cdn.yougov.com/ld46rgtdlz/econTabReport.pdf,74262,139435,1/27/2021,09:55:06 26 Feb 2021
Joseph R. Biden Jr.,Voters,2/26/2021,1/25/2021,1/27/2021,Rasmussen Reports/Pulse Opinion Research,C+,1500,lv,.1474185,.00224256,49,48,51.93619,42.01562,"",T,https://www.rasmussenreports.com/public_content/politics/biden_administration/biden_approval_index_history,74268,139483,1/28/2021,09:55:06 26 Feb 2021
Joseph R. Biden Jr.,Voters,2/26/2021,1/24/2021,1/27/2021,Marist College,A+,1153,rv,2.2051786,.04742319,50,36,51.324793,35.688469,"","",http://maristpoll.marist.edu/wp-content/uploads/2021/02/Marist-Poll_USA-NOS-and-Tables_202101281213-1.pdf#page=3,74320,139559,2/1/2021,09:55:06 26 Feb 2021
Joseph R. Biden Jr.,Voters,2/26/2021,1/26/2021,1/28/2021,Rasmussen Reports/Pulse Opinion Research,C+,1500,lv,.14248689,.0032524,50,45,52.93619,39.01562,"",T,https://www.rasmussenreports.com/public_content/politics/biden_administration/biden_approval_index_history,74290,139515,1/29/2021,09:55:06 26 Feb 2021
Joseph R. Biden Jr.,Voters,2/26/2021,1/27/2021,1/29/2021,IBD/TIPP,A/B,1002,rv,1.7723011,.076228,58,29,56.801977,31.047571,"","",https://www.investors.com/politics/joe-biden-job-approval-enjoys-honeymoon-vs-donald-trump-ibd-tipp-poll/,74321,139561,2/1/2021,09:55:06 26 Feb 2021
Joseph R. Biden Jr.,Voters,2/26/2021,1/28/2021,1/29/2021,HarrisX,C,945,rv,.52581625,.0185212,61,39,58.196069,37.853641,"","",https://thehill.com/hilltv/what-americas-thinking/536809-poll-biden-approval-dips-to-61-percent,74322,139562,2/1/2021,09:55:06 26 Feb 2021
Joseph R. Biden Jr.,Voters,2/26/2021,1/27/2021,1/31/2021,Rasmussen Reports/Pulse Opinion Research,C+,1500,lv,.08141041,.00307018,49,46,51.93619,40.01562,"",T,https://www.rasmussenreports.com/public_content/politics/biden_administration/biden_approval_index_history,74293,139520,2/1/2021,09:55:06 26 Feb 2021
Joseph R. Biden Jr.,Voters,2/26/2021,1/28/2021,1/30/2021,RMG Research,B/C,1200,rv,.49189831,.0199134,58,35,56.517356,36.295902,"","",https://scottrasmussen.com/biden-job-approval-60/,74355,139680,2/9/2021,09:55:06 26 Feb 2021
Joseph R. Biden Jr.,Voters,2/26/2021,1/29/2021,1/29/2021,John Zogby Strategies/EMI Research Solutions,"",841,lv,.7843669,.04217026,56.1,36.4,55.499218,36.296925,"","",https://johnzogbystrategies.com/wp-content/uploads/2021/02/Crosstabs-Voters-012921.pdf,74326,139569,2/2/2021,09:55:06 26 Feb 2021
Joseph R. Biden Jr.,Voters,2/26/2021,1/28/2021,2/1/2021,Rasmussen Reports/Pulse Opinion Research,C+,1500,lv,.23850182,.01077195,51,45,53.93619,39.01562,"",T,https://www.rasmussenreports.com/public_content/politics/biden_administration/biden_approval_index_history,74325,139568,2/2/2021,09:55:06 26 Feb 2021
Joseph R. Biden Jr.,Voters,2/26/2021,1/27/2021,2/1/2021,Global Strategy Group/GBAO (Navigator Research),"",1005,rv,.71315277,.03956994,53,39,52.979703,38.603865,"","",https://navigatorresearch.org/wp-content/uploads/2021/02/Navigator-Topline-02.02.21.pdf,74324,139564,2/2/2021,09:55:06 26 Feb 2021
Joseph R. Biden Jr.,Voters,2/26/2021,1/28/2021,2/1/2021,Quinnipiac University,B+,,rv,1.401384,.08355135,50,36,51.332367,36.172955,"","",https://poll.qu.edu/national/release-detail?ReleaseID=3688,74334,139850,2/19/2021,09:55:06 26 Feb 2021
Joseph R. Biden Jr.,Voters,2/26/2021,1/30/2021,2/1/2021,Morning Consult,B/C,9000,rv,.61583799,.03472421,56,37,54.548204,38.045957,"",T,https://morningconsult.com/2021/02/03/biden-job-approval-executive-orders/,74331,139577,2/3/2021,09:55:06 26 Feb 2021
Joseph R. Biden Jr.,Voters,2/26/2021,1/29/2021,2/1/2021,Morning Consult,B/C,1986,rv,.13589492,.00766248,58,35,56.548204,36.045957,"","",https://assets.morningconsult.com/wp-uploads/2021/02/03074817/2101110_crosstabs_POLITICO_RVs_v1.pdf,74330,139576,2/3/2021,09:55:06 26 Feb 2021
Joseph R. Biden Jr.,Voters,2/26/2021,1/31/2021,2/2/2021,Rasmussen Reports/Pulse Opinion Research,C+,1500,lv,.12950934,.00767702,51,47,53.93619,41.01562,"",T,https://www.rasmussenreports.com/public_content/politics/biden_administration/biden_approval_index_history,74333,139595,2/3/2021,09:55:06 26 Feb 2021
Joseph R. Biden Jr.,Voters,2/26/2021,1/31/2021,2/2/2021,YouGov,B,1272,rv,.8276025,.05588844,50,40,51.195169,39.138051,"","",https://docs.cdn.yougov.com/460mactkmh/econTabReport.pdf,74332,139594,2/3/2021,09:55:06 26 Feb 2021
Joseph R. Biden Jr.,Voters,2/26/2021,2/1/2021,2/3/2021,Rasmussen Reports/Pulse Opinion Research,C+,1500,lv,.12879066,.00850162,52,46,54.93619,40.01562,"",T,https://www.rasmussenreports.com/public_content/politics/biden_administration/biden_approval_index_history,74338,139642,2/4/2021,09:55:06 26 Feb 2021
Joseph R. Biden Jr.,Voters,2/26/2021,2/2/2021,2/4/2021,Rasmussen Reports/Pulse Opinion Research,C+,1500,lv,.12808148,.00932844,49,48,51.93619,42.01562,"",T,https://www.rasmussenreports.com/public_content/politics/biden_administration/biden_approval_index_history,74347,139654,2/5/2021,09:55:06 26 Feb 2021
Joseph R. Biden Jr.,Voters,2/26/2021,2/3/2021,2/7/2021,Rasmussen Reports/Pulse Opinion Research,C+,1500,lv,.07582564,.00862945,50,47,52.93619,41.01562,"",T,https://www.rasmussenreports.com/public_content/politics/biden_administration/biden_approval_index_history,74349,139669,2/8/2021,09:55:06 26 Feb 2021
Joseph R. Biden Jr.,Voters,2/26/2021,2/4/2021,2/6/2021,RMG Research,B/C,1200,rv,.47083197,.05836315,60,32,58.517356,33.295902,"","",https://scottrasmussen.com/biden-job-approval-60/,74354,139679,2/9/2021,09:55:06 26 Feb 2021
Joseph R. Biden Jr.,Voters,2/26/2021,2/4/2021,2/8/2021,Rasmussen Reports/Pulse Opinion Research,C+,1500,lv,.22500189,.0303053,51,46,53.93619,40.01562,"",T,https://www.rasmussenreports.com/public_content/politics/biden_administration/biden_approval_index_history,74352,139675,2/9/2021,09:55:06 26 Feb 2021
Joseph R. Biden Jr.,Voters,2/26/2021,2/5/2021,2/7/2021,Morning Consult,B/C,1986,rv,.21799278,.0243987,59,35,57.548204,36.045957,"","",https://assets.morningconsult.com/wp-uploads/2021/02/11080445/210227_crosstabs_POLITICO_RVs_v1_AUTO.pdf,74351,139673,2/8/2021,09:55:06 26 Feb 2021
Joseph R. Biden Jr.,Voters,2/26/2021,2/7/2021,2/9/2021,Rasmussen Reports/Pulse Opinion Research,C+,1500,lv,.12446401,.02186976,51,47,53.93619,41.01562,"",T,https://www.rasmussenreports.com/public_content/politics/biden_administration/biden_approval_index_history,74359,139696,2/10/2021,09:55:06 26 Feb 2021
Joseph R. Biden Jr.,Voters,2/26/2021,2/6/2021,2/9/2021,YouGov,B,1306,rv,.81470162,.16053711,53,40,54.195169,39.138051,"","",https://docs.cdn.yougov.com/rqqxdo2ujy/econTabReport.pdf,74360,139698,2/10/2021,09:55:06 26 Feb 2021
Joseph R. Biden Jr.,Voters,2/26/2021,2/8/2021,2/9/2021,HarrisX,C,938,rv,.36446883,.07964238,60,40,57.196069,38.853641,"","",https://thehill.com/hilltv/what-americas-thinking/538612-what-americas-thinking-february-12-2021,74374,139761,2/12/2021,09:55:06 26 Feb 2021
Joseph R. Biden Jr.,Voters,2/26/2021,2/8/2021,2/10/2021,Rasmussen Reports/Pulse Opinion Research,C+,1500,lv,.12495871,.02445383,50,47,52.93619,41.01562,"",T,https://www.rasmussenreports.com/public_content/politics/biden_administration/biden_approval_index_history,74362,139720,2/11/2021,09:55:06 26 Feb 2021
Joseph R. Biden Jr.,Voters,2/26/2021,2/9/2021,2/11/2021,Rasmussen Reports/Pulse Opinion Research,C+,1500,lv,.12550233,.02714902,52,45,54.93619,39.01562,"",T,https://www.rasmussenreports.com/public_content/politics/biden_administration/biden_approval_index_history,74373,139760,2/12/2021,09:55:06 26 Feb 2021
Joseph R. Biden Jr.,Voters,2/26/2021,2/10/2021,2/14/2021,Rasmussen Reports/Pulse Opinion Research,C+,1500,lv,.07597504,.01968684,53,43,55.93619,37.01562,"",T,https://www.rasmussenreports.com/public_content/politics/biden_administration/biden_approval_index_history,74379,139766,2/15/2021,09:55:06 26 Feb 2021
Joseph R. Biden Jr.,Voters,2/26/2021,2/11/2021,2/13/2021,RMG Research,B/C,1200,rv,.49189831,.14103387,57,35,55.517356,36.295902,"","",https://scottrasmussen.com/biden-job-approval-rating-at-56/,74411,139908,2/24/2021,09:55:06 26 Feb 2021
Joseph R. Biden Jr.,Voters,2/26/2021,2/11/2021,2/15/2021,Global Strategy Group/GBAO (Navigator Research),"",1067,rv,.73809772,.25143631,56,38,55.979703,37.603865,"","",https://navigatorresearch.org/wp-content/uploads/2021/02/Navigator-Toplines-02.16.2021.pdf,74383,139794,2/17/2021,09:55:06 26 Feb 2021
Joseph R. Biden Jr.,Voters,2/26/2021,2/11/2021,2/15/2021,Rasmussen Reports/Pulse Opinion Research,C+,1500,lv,.22785463,.06439334,53,44,55.93619,38.01562,"",T,https://www.rasmussenreports.com/public_content/politics/biden_administration/biden_approval_index_history,74381,139772,2/16/2021,09:55:06 26 Feb 2021
Joseph R. Biden Jr.,Voters,2/26/2021,2/11/2021,2/14/2021,Quinnipiac University,B+,,rv,1.401384,.49728102,52,38,53.332367,38.172955,"","",https://poll.qu.edu/national/release-detail?ReleaseID=3692,74387,139849,2/19/2021,09:55:06 26 Feb 2021
Joseph R. Biden Jr.,Voters,2/26/2021,2/12/2021,2/15/2021,HarrisX,C,2835,rv,.96153827,.3833286,59,41,56.196069,39.853641,"","",https://thehill.com/hilltv/what-americas-thinking/539464-what-americas-thinking-february-19-2021,74398,139853,2/19/2021,09:55:06 26 Feb 2021
Joseph R. Biden Jr.,Voters,2/26/2021,2/12/2021,2/15/2021,Morning Consult,B/C,1987,rv,.33930668,.10592856,56,38,54.548204,39.045957,"","",https://www.politico.com/f/?id=00000177-abaf-d644-a377-efbf5b3e0000,74384,139795,2/17/2021,09:55:06 26 Feb 2021
Joseph R. Biden Jr.,Voters,2/26/2021,2/14/2021,2/15/2021,Morning Consult,B/C,1984,rv,.34685325,.13413499,62,33,60.548204,34.045957,"","",https://www.politico.com/f/?id=00000177-a857-d644-a377-eedf501c0000,74380,139771,2/16/2021,09:55:06 26 Feb 2021
Joseph R. Biden Jr.,Voters,2/26/2021,2/13/2021,2/16/2021,YouGov,B,1259,rv,.81429908,.36228993,55,40,56.195169,39.138051,"","",https://docs.cdn.yougov.com/3at75tb28w/econTabReport.pdf,74386,139812,2/17/2021,09:55:06 26 Feb 2021
Joseph R. Biden Jr.,Voters,2/26/2021,2/14/2021,2/16/2021,Rasmussen Reports/Pulse Opinion Research,C+,1500,lv,.1263498,.05312894,50,47,52.93619,41.01562,"",T,https://www.rasmussenreports.com/public_content/politics/biden_administration/biden_approval_index_history,74385,139810,2/17/2021,09:55:06 26 Feb 2021
Joseph R. Biden Jr.,Voters,2/26/2021,2/12/2021,2/18/2021,Echelon Insights,"",1005,rv,.80068767,.38168333,51,42,51.733481,41.531396,"","",https://echeloninsights.com/in-the-news/february-omnibus-political-update/,74400,139859,2/22/2021,09:55:06 26 Feb 2021
Joseph R. Biden Jr.,Voters,2/26/2021,2/15/2021,2/17/2021,Rasmussen Reports/Pulse Opinion Research,C+,1500,lv,.12728909,.06201447,50,48,52.93619,42.01562,"",T,https://www.rasmussenreports.com/public_content/politics/biden_administration/biden_approval_index_history,74388,139831,2/18/2021,09:55:06 26 Feb 2021
Joseph R. Biden Jr.,Voters,2/26/2021,2/16/2021,2/18/2021,Rasmussen Reports/Pulse Opinion Research,C+,1500,lv,.12919941,.07139109,49,49,51.93619,43.01562,"",T,https://www.rasmussenreports.com/public_content/politics/biden_administration/biden_approval_index_history,74397,139840,2/19/2021,09:55:06 26 Feb 2021
Joseph R. Biden Jr.,Voters,2/26/2021,2/17/2021,2/21/2021,Rasmussen Reports/Pulse Opinion Research,C+,1500,lv,.08035432,.05483999,50,49,52.93619,43.01562,"",T,https://www.rasmussenreports.com/public_content/politics/biden_administration/biden_approval_index_history,74399,139854,2/22/2021,09:55:06 26 Feb 2021
Joseph R. Biden Jr.,Voters,2/26/2021,2/17/2021,2/20/2021,American Research Group,B,990,rv,1.3200531,.94430831,59,34,57.765965,35.395493,"","",https://americanresearchgroup.com/economy/,74401,139857,2/22/2021,09:55:06 26 Feb 2021
Joseph R. Biden Jr.,Voters,2/26/2021,2/18/2021,2/20/2021,RMG Research,B/C,1200,rv,.59901046,.41213284,56,37,54.517356,38.295902,"","",https://scottrasmussen.com/biden-job-approval-rating-at-56/,74410,139907,2/24/2021,09:55:06 26 Feb 2021
Joseph R. Biden Jr.,Voters,2/26/2021,2/18/2021,2/22/2021,Rasmussen Reports/Pulse Opinion Research,C+,1500,lv,.24607294,.18378299,50,48,52.93619,42.01562,"",T,https://www.rasmussenreports.com/public_content/politics/biden_administration/biden_approval_index_history,74403,139864,2/23/2021,09:55:06 26 Feb 2021
Joseph R. Biden Jr.,Voters,2/26/2021,2/19/2021,2/22/2021,Morning Consult,B/C,2013,rv,.52472876,.42175685,58,36,56.548204,37.045957,"","",https://assets.morningconsult.com/wp-uploads/2021/02/24092632/2102103_crosstabs_POLITICO_RVs_v1_AUTO.pdf,74413,139910,2/24/2021,09:55:06 26 Feb 2021
Joseph R. Biden Jr.,Voters,2/26/2021,2/19/2021,2/22/2021,YouGov,B,1201,rv,.91055859,.74211791,51,40,52.195169,39.138051,"","",https://docs.cdn.yougov.com/imdk8zumh5/econTabReport.pdf,74406,139869,2/23/2021,09:55:06 26 Feb 2021
Joseph R. Biden Jr.,Voters,2/26/2021,2/21/2021,2/23/2021,Rasmussen Reports/Pulse Opinion Research,C+,1500,lv,.14607866,.12762456,49,49,51.93619,43.01562,"",T,https://www.rasmussenreports.com/public_content/politics/biden_administration/biden_approval_index_history,74409,139906,2/24/2021,09:55:06 26 Feb 2021
Joseph R. Biden Jr.,Voters,2/26/2021,2/22/2021,2/24/2021,Rasmussen Reports/Pulse Opinion Research,C+,1500,lv,.15252845,.1428821,50,48,52.93619,42.01562,"",T,https://www.rasmussenreports.com/public_content/politics/biden_administration/biden_approval_index_history,74416,139935,2/25/2021,09:55:06 26 Feb 2021
Joseph R. Biden Jr.,Voters,2/26/2021,2/23/2021,2/24/2021,HarrisX,C,949,rv,.54665979,.54665979,59,41,56.196069,39.853641,"","",https://thehill.com/hilltv/what-americas-thinking/540569-what-americas-thinking-february-25-2021,74424,139943,2/25/2021,09:55:06 26 Feb 2021
Joseph R. Biden Jr.,Voters,2/26/2021,2/23/2021,2/25/2021,Rasmussen Reports/Pulse Opinion Research,C+,1500,lv,.48249681,.48249681,49,49,51.93619,43.01562,"",T,https://www.rasmussenreports.com/public_content/politics/biden_administration/biden_approval_index_history,74426,139951,2/26/2021,09:55:06 26 Feb 2021
